Date,Product,Region,Sales,Profit
2023-01-01,Laptop,East,1360,117.89
2023-01-01,Mouse,West,4272,723.55
2023-01-01,Keyboard,South,966,67.62
2023-01-01,Monitor,East,3944,671.36
2023-01-01,Headphones,West,630,34.09
2023-01-02,Laptop,South,2891,625.87
2023-01-02,Mouse,South,2933,253.31
2023-01-02,Keyboard,North,1684,186.67
2023-01-02,Monitor,South,3404,368.47
2023-01-02,Headphones,East,3058,238.21
2023-01-03,Laptop,West,3247,400.27
2023-01-03,Mouse,South,3234,561.67
2023-01-03,Keyboard,West,1767,297.71
2023-01-03,Monitor,East,4056,695.64
2023-01-03,Headphones,North,3388,213.48
2023-01-04,Laptop,West,1100,267.44
2023-01-04,Mouse,South,2541,281.85
2023-01-04,Keyboard,North,1863,182.96
2023-01-04,Monitor,West,1978,340.21
2023-01-04,Headphones,West,4514,382.21
2023-01-05,Laptop,North,2455,212.23
2023-01-05,Mouse,West,3573,482.47
2023-01-05,Keyboard,South,4343,377.71
2023-01-05,Monitor,East,661,85.29
2023-01-05,Headphones,West,3842,260.1
2023-01-06,Laptop,East,1775,104.81
2023-01-06,Mouse,West,837,132.19
2023-01-06,Keyboard,West,4493,1092.03
2023-01-06,Monitor,West,879,92.47
2023-01-06,Headphones,North,2562,212.78
2023-01-07,Laptop,North,3068,627.25
2023-01-07,Mouse,West,3195,163.28
2023-01-07,Keyboard,East,891,174.46
2023-01-07,Monitor,North,4974,322.36
2023-01-07,Headphones,East,3599,801.21
2023-01-08,Laptop,West,3604,226.01
2023-01-08,Mouse,East,4145,476.83
2023-01-08,Keyboard,East,3231,573.54
2023-01-08,Monitor,East,2070,299.0
2023-01-08,Headphones,North,3190,644.88
2023-01-09,Laptop,South,1002,204.6
2023-01-09,Mouse,East,4988,958.36
2023-01-09,Keyboard,South,1984,179.24
2023-01-09,Monitor,West,3290,477.29
2023-01-09,Headphones,North,4691,887.08
2023-01-10,Laptop,North,2178,438.02
2023-01-10,Mouse,West,2222,419.86
2023-01-10,Keyboard,West,3125,546.47
2023-01-10,Monitor,South,3560,798.48
2023-01-10,Headphones,West,4127,550.14
2023-01-11,Laptop,South,2163,457.45
2023-01-11,Mouse,West,3802,879.65
2023-01-11,Keyboard,North,1806,244.57
2023-01-11,Monitor,West,1782,91.58
2023-01-11,Headphones,West,4913,463.89
2023-01-12,Laptop,East,1163,277.47
2023-01-12,Mouse,South,4243,652.4
2023-01-12,Keyboard,North,4263,523.18
2023-01-12,Monitor,North,1791,179.74
2023-01-12,Headphones,South,2136,228.48
2023-01-13,Laptop,North,1198,205.95
2023-01-13,Mouse,South,1354,143.16
2023-01-13,Keyboard,North,3974,739.72
2023-01-13,Monitor,North,2207,308.0
2023-01-13,Headphones,South,4010,811.32
2023-01-14,Laptop,East,4996,977.43
2023-01-14,Mouse,West,3431,846.37
2023-01-14,Keyboard,South,2430,518.29
2023-01-14,Monitor,West,1108,88.8
2023-01-14,Headphones,East,3897,737.17
2023-01-15,Laptop,East,1159,133.51
2023-01-15,Mouse,West,1869,284.87
2023-01-15,Keyboard,East,3719,665.83
2023-01-15,Monitor,West,988,185.93
2023-01-15,Headphones,West,2885,627.61
2023-01-16,Laptop,East,4561,862.74
2023-01-16,Mouse,East,1123,180.85
2023-01-16,Keyboard,West,2549,635.34
2023-01-16,Monitor,South,4223,682.68
2023-01-16,Headphones,West,4590,402.73
2023-01-17,Laptop,North,3670,697.56
2023-01-17,Mouse,West,1654,365.97
2023-01-17,Keyboard,South,3691,839.9
2023-01-17,Monitor,West,2148,176.84
2023-01-17,Headphones,South,4699,804.87
2023-01-18,Laptop,East,3683,258.89
2023-01-18,Mouse,East,2700,137.73
2023-01-18,Keyboard,West,4933,725.76
2023-01-18,Monitor,East,4291,1067.99
2023-01-18,Headphones,West,660,35.39
2023-01-19,Laptop,South,1800,154.38
2023-01-19,Mouse,West,1718,311.86
2023-01-19,Keyboard,North,3235,222.36
2023-01-19,Monitor,East,3946,394.96
2023-01-19,Headphones,South,3936,579.96
2023-01-20,Laptop,West,3854,527.53
2023-01-20,Mouse,North,1459,325.11
2023-01-20,Keyboard,West,1315,139.59
2023-01-20,Monitor,East,3620,212.57
2023-01-20,Headphones,West,1743,250.97
2023-01-21,Laptop,South,3944,894.1
2023-01-21,Mouse,West,1560,367.64
2023-01-21,Keyboard,North,801,194.91
2023-01-21,Monitor,East,1199,264.5
2023-01-21,Headphones,East,2800,355.65
2023-01-22,Laptop,East,1684,190.94
2023-01-22,Mouse,West,2565,413.89
2023-01-22,Keyboard,East,1069,252.29
2023-01-22,Monitor,South,4363,400.45
2023-01-22,Headphones,East,3401,414.0
2023-01-23,Laptop,East,654,71.32
2023-01-23,Mouse,South,1284,282.14
2023-01-23,Keyboard,North,4841,590.11
2023-01-23,Monitor,North,3306,442.86
2023-01-23,Headphones,South,2955,687.48
2023-01-24,Laptop,South,3450,518.55
2023-01-24,Mouse,North,4615,830.67
2023-01-24,Keyboard,West,4995,300.47
2023-01-24,Monitor,East,1666,208.44
2023-01-24,Headphones,South,3274,603.74
2023-01-25,Laptop,East,4236,343.15
2023-01-25,Mouse,South,1648,358.91
2023-01-25,Keyboard,South,2215,127.95
2023-01-25,Monitor,East,2991,344.95
2023-01-25,Headphones,West,3624,378.01
2023-01-26,Laptop,West,504,71.29
2023-01-26,Mouse,South,1376,122.29
2023-01-26,Keyboard,South,4642,881.53
2023-01-26,Monitor,West,4864,1186.37
2023-01-26,Headphones,South,2193,127.66
2023-01-27,Laptop,West,1330,181.82
2023-01-27,Mouse,South,1869,102.93
2023-01-27,Keyboard,North,3338,452.84
2023-01-27,Monitor,West,1512,93.2
2023-01-27,Headphones,South,1012,140.13
2023-01-28,Laptop,West,1059,91.68
2023-01-28,Mouse,North,3843,589.28
2023-01-28,Keyboard,West,1970,270.16
2023-01-28,Monitor,North,2794,166.36
2023-01-28,Headphones,South,2179,178.09
2023-01-29,Laptop,South,3244,384.01
2023-01-29,Mouse,West,3618,210.37
2023-01-29,Keyboard,South,3559,302.75
2023-01-29,Monitor,West,2765,560.39
2023-01-29,Headphones,North,2135,180.71
2023-01-30,Laptop,South,4952,642.28
2023-01-30,Mouse,South,3349,342.2
2023-01-30,Keyboard,South,4230,637.15
2023-01-30,Monitor,North,1515,275.33
2023-01-30,Headphones,West,3587,229.98
2023-01-31,Laptop,East,1395,247.31
2023-01-31,Mouse,West,2187,405.54
2023-01-31,Keyboard,East,2927,221.57
2023-01-31,Monitor,North,3238,693.35
2023-01-31,Headphones,West,4413,403.07
2023-02-01,Laptop,North,2944,273.55
2023-02-01,Mouse,South,4469,258.28
2023-02-01,Keyboard,South,2582,302.9
2023-02-01,Monitor,South,1275,162.03
2023-02-01,Headphones,South,2125,251.02
2023-02-02,Laptop,East,1116,166.52
2023-02-02,Mouse,South,2016,478.46
2023-02-02,Keyboard,West,1228,258.73
2023-02-02,Monitor,North,1175,100.45
2023-02-02,Headphones,North,3467,732.81
2023-02-03,Laptop,North,1622,214.95
2023-02-03,Mouse,South,2643,312.3
2023-02-03,Keyboard,South,4632,452.64
2023-02-03,Monitor,East,2826,567.77
2023-02-03,Headphones,North,4452,672.48
2023-02-04,Laptop,West,1228,140.0
2023-02-04,Mouse,East,895,216.33
2023-02-04,Keyboard,East,4671,565.1
2023-02-04,Monitor,West,1217,225.58
2023-02-04,Headphones,West,4077,719.05
2023-02-05,Laptop,North,3640,395.46
2023-02-05,Mouse,North,3438,318.17
2023-02-05,Keyboard,North,3722,767.7
2023-02-05,Monitor,East,2656,627.31
2023-02-05,Headphones,South,3482,867.67
2023-02-06,Laptop,South,1656,326.91
2023-02-06,Mouse,North,4830,923.33
2023-02-06,Keyboard,East,1453,252.3
2023-02-06,Monitor,North,3801,253.99
2023-02-06,Headphones,North,1691,109.16
2023-02-07,Laptop,South,3181,252.32
2023-02-07,Mouse,North,3736,361.07
2023-02-07,Keyboard,West,1888,234.35
2023-02-07,Monitor,West,2180,522.0
2023-02-07,Headphones,North,1824,366.03
2023-02-08,Laptop,South,3986,583.28
2023-02-08,Mouse,West,2714,365.97
2023-02-08,Keyboard,South,4102,296.33
2023-02-08,Monitor,East,4768,249.23
2023-02-08,Headphones,West,4209,257.85
2023-02-09,Laptop,West,955,70.2
2023-02-09,Mouse,North,2458,489.66
2023-02-09,Keyboard,North,4785,622.26
2023-02-09,Monitor,West,3940,262.32
2023-02-09,Headphones,North,633,133.2
2023-02-10,Laptop,North,2352,269.39
2023-02-10,Mouse,West,3433,806.51
2023-02-10,Keyboard,West,1750,330.89
2023-02-10,Monitor,North,1756,163.94
2023-02-10,Headphones,East,3986,993.18
2023-02-11,Laptop,South,3830,881.79
2023-02-11,Mouse,North,1853,444.87
2023-02-11,Keyboard,West,857,120.95
2023-02-11,Monitor,West,4968,524.01
2023-02-11,Headphones,West,4685,598.06
2023-02-12,Laptop,West,1039,68.1
2023-02-12,Mouse,North,4275,601.27
2023-02-12,Keyboard,East,3008,562.33
2023-02-12,Monitor,North,3456,802.43
2023-02-12,Headphones,North,4985,1196.2
2023-02-13,Laptop,West,2338,546.71
2023-02-13,Mouse,South,3371,759.6
2023-02-13,Keyboard,East,1515,189.82
2023-02-13,Monitor,North,2693,666.4
2023-02-13,Headphones,North,4658,599.01
2023-02-14,Laptop,East,4500,646.82
2023-02-14,Mouse,East,1010,105.73
2023-02-14,Keyboard,West,2500,392.17
2023-02-14,Monitor,North,1960,327.38
2023-02-14,Headphones,North,3224,649.37
2023-02-15,Laptop,East,2548,613.58
2023-02-15,Mouse,North,2323,137.94
2023-02-15,Keyboard,East,2074,382.27
2023-02-15,Monitor,South,2665,576.37
2023-02-15,Headphones,South,4863,1037.17
2023-02-16,Laptop,West,888,60.1
2023-02-16,Mouse,East,2348,394.44
2023-02-16,Keyboard,East,3874,519.53
2023-02-16,Monitor,North,4481,855.05
2023-02-16,Headphones,East,2650,204.78
2023-02-17,Laptop,West,1829,307.24
2023-02-17,Mouse,South,1858,255.47
2023-02-17,Keyboard,East,2517,301.16
2023-02-17,Monitor,South,1858,240.26
2023-02-17,Headphones,East,3677,818.03
2023-02-18,Laptop,North,637,149.9
2023-02-18,Mouse,South,3332,338.69
2023-02-18,Keyboard,West,4664,1147.37
2023-02-18,Monitor,North,4800,440.77
2023-02-18,Headphones,East,4323,511.47
2023-02-19,Laptop,East,1260,178.95
2023-02-19,Mouse,West,3945,747.71
2023-02-19,Keyboard,West,4955,937.98
2023-02-19,Monitor,North,3766,846.84
2023-02-19,Headphones,East,4688,1146.79
2023-02-20,Laptop,North,3622,210.71
2023-02-20,Mouse,North,4400,247.99
2023-02-20,Keyboard,South,1023,93.37
2023-02-20,Monitor,South,2468,371.89
2023-02-20,Headphones,North,2796,408.86
2023-02-21,Laptop,South,2786,424.4
2023-02-21,Mouse,East,3378,423.79
2023-02-21,Keyboard,North,2555,510.11
2023-02-21,Monitor,North,3266,513.8
2023-02-21,Headphones,West,1025,177.99
2023-02-22,Laptop,East,2625,374.08
2023-02-22,Mouse,North,2146,469.73
2023-02-22,Keyboard,East,2031,145.08
2023-02-22,Monitor,South,2406,236.98
2023-02-22,Headphones,North,2575,139.09
2023-02-23,Laptop,North,1796,165.75
2023-02-23,Mouse,South,625,46.22
2023-02-23,Keyboard,North,4096,691.07
2023-02-23,Monitor,West,566,101.75
2023-02-23,Headphones,South,2658,443.46
2023-02-24,Laptop,South,4507,614.45
2023-02-24,Mouse,East,2972,349.18
2023-02-24,Keyboard,West,2261,223.55
2023-02-24,Monitor,East,1376,159.71
2023-02-24,Headphones,North,1812,93.33
2023-02-25,Laptop,North,2233,274.82
2023-02-25,Mouse,West,3063,674.36
2023-02-25,Keyboard,South,2897,245.3
2023-02-25,Monitor,East,1660,109.64
2023-02-25,Headphones,East,3090,408.13
2023-02-26,Laptop,West,1419,102.75
2023-02-26,Mouse,South,967,235.85
2023-02-26,Keyboard,West,1145,280.54
2023-02-26,Monitor,South,3051,593.66
2023-02-26,Headphones,South,4789,772.72
2023-02-27,Laptop,West,1641,315.38
2023-02-27,Mouse,West,724,142.81
2023-02-27,Keyboard,West,2548,438.57
2023-02-27,Monitor,West,2073,344.63
2023-02-27,Headphones,East,2526,426.33
2023-02-28,Laptop,South,2539,195.21
2023-02-28,Mouse,East,2173,538.89
2023-02-28,Keyboard,North,4213,284.69
2023-02-28,Monitor,East,2876,581.08
2023-02-28,Headphones,East,3458,499.04
2023-03-01,Laptop,East,3990,477.9
2023-03-01,Mouse,North,2104,454.72
2023-03-01,Keyboard,West,2469,184.83
2023-03-01,Monitor,West,4030,957.8
2023-03-01,Headphones,West,2070,487.05
2023-03-02,Laptop,West,3465,206.58
2023-03-02,Mouse,North,4350,909.38
2023-03-02,Keyboard,South,1814,150.3
2023-03-02,Monitor,North,3398,621.97
2023-03-02,Headphones,South,3121,380.03
2023-03-03,Laptop,North,1565,201.09
2023-03-03,Mouse,West,2363,325.69
2023-03-03,Keyboard,South,4262,745.08
2023-03-03,Monitor,North,2690,445.19
2023-03-03,Headphones,North,1748,224.26
2023-03-04,Laptop,South,2497,158.12
2023-03-04,Mouse,West,4518,716.42
2023-03-04,Keyboard,South,3126,548.74
2023-03-04,Monitor,West,2535,502.67
2023-03-04,Headphones,East,919,229.33
2023-03-05,Laptop,North,1620,310.06
2023-03-05,Mouse,East,1450,114.01
2023-03-05,Keyboard,West,3145,606.4
2023-03-05,Monitor,North,2365,280.05
2023-03-05,Headphones,South,3728,588.92
2023-03-06,Laptop,North,2871,558.27
2023-03-06,Mouse,South,594,100.79
2023-03-06,Keyboard,West,1293,129.77
2023-03-06,Monitor,North,4606,1113.8
2023-03-06,Headphones,West,3097,295.67
2023-03-07,Laptop,East,1314,141.37
2023-03-07,Mouse,East,2943,683.87
2023-03-07,Keyboard,West,3505,245.91
2023-03-07,Monitor,North,2139,480.04
2023-03-07,Headphones,West,4951,1157.3
2023-03-08,Laptop,North,3435,187.57
2023-03-08,Mouse,East,3677,751.02
2023-03-08,Keyboard,East,3949,251.88
2023-03-08,Monitor,East,4033,955.31
2023-03-08,Headphones,South,2292,166.51
2023-03-09,Laptop,North,3917,853.04
2023-03-09,Mouse,South,3530,826.61
2023-03-09,Keyboard,East,4521,695.18
2023-03-09,Monitor,West,3208,403.76
2023-03-09,Headphones,North,701,147.61
2023-03-10,Laptop,North,1074,142.74
2023-03-10,Mouse,South,2622,615.1
2023-03-10,Keyboard,East,3781,552.66
2023-03-10,Monitor,East,4100,686.4
2023-03-10,Headphones,East,1705,145.4
2023-03-11,Laptop,East,4072,948.65
2023-03-11,Mouse,North,4880,810.65
2023-03-11,Keyboard,South,3213,169.06
2023-03-11,Monitor,North,3620,309.9
2023-03-11,Headphones,West,3932,313.51
2023-03-12,Laptop,South,841,56.41
2023-03-12,Mouse,North,4922,832.2
2023-03-12,Keyboard,North,1489,297.79
2023-03-12,Monitor,East,1451,333.17
2023-03-12,Headphones,West,3217,283.54
2023-03-13,Laptop,North,2000,288.83
2023-03-13,Mouse,West,2565,279.09
2023-03-13,Keyboard,East,3557,550.9
2023-03-13,Monitor,West,2661,397.56
2023-03-13,Headphones,East,3835,852.74
2023-03-14,Laptop,East,1981,454.61
2023-03-14,Mouse,South,3951,830.3
2023-03-14,Keyboard,East,2323,448.79
2023-03-14,Monitor,North,3579,198.35
2023-03-14,Headphones,East,2990,451.79
2023-03-15,Laptop,West,3810,624.42
2023-03-15,Mouse,East,4175,407.63
2023-03-15,Keyboard,South,2643,654.79
2023-03-15,Monitor,West,3691,780.17
2023-03-15,Headphones,West,664,51.94
2023-03-16,Laptop,South,1322,303.09
2023-03-16,Mouse,East,4925,330.48
2023-03-16,Keyboard,East,3656,202.2
2023-03-16,Monitor,North,1414,235.58
2023-03-16,Headphones,West,4677,1068.86
2023-03-17,Laptop,East,4094,417.12
2023-03-17,Mouse,South,3690,382.33
2023-03-17,Keyboard,North,1304,171.97
2023-03-17,Monitor,South,4077,826.49
2023-03-17,Headphones,West,3261,532.05
2023-03-18,Laptop,East,4723,408.17
2023-03-18,Mouse,South,3686,562.08
2023-03-18,Keyboard,North,3099,588.09
2023-03-18,Monitor,North,3930,367.87
2023-03-18,Headphones,South,3041,750.76
2023-03-19,Laptop,South,2576,217.25
2023-03-19,Mouse,East,1304,70.0
2023-03-19,Keyboard,South,2675,196.75
2023-03-19,Monitor,West,540,56.6
2023-03-19,Headphones,North,2122,151.33
2023-03-20,Laptop,South,4552,467.66
2023-03-20,Mouse,East,1145,224.92
2023-03-20,Keyboard,South,954,157.08
2023-03-20,Monitor,North,3469,454.01
2023-03-20,Headphones,South,3181,427.55
2023-03-21,Laptop,South,3567,862.23
2023-03-21,Mouse,North,3366,229.11
2023-03-21,Keyboard,East,4624,591.22
2023-03-21,Monitor,West,2558,309.86
2023-03-21,Headphones,North,686,75.07
2023-03-22,Laptop,East,1833,266.17
2023-03-22,Mouse,East,3211,762.18
2023-03-22,Keyboard,North,2285,128.5
2023-03-22,Monitor,West,2262,493.81
2023-03-22,Headphones,North,4960,401.43
2023-03-23,Laptop,North,653,94.59
2023-03-23,Mouse,North,2843,556.2
2023-03-23,Keyboard,North,560,105.1
2023-03-23,Monitor,South,4620,458.68
2023-03-23,Headphones,East,4069,854.01
2023-03-24,Laptop,West,1958,204.47
2023-03-24,Mouse,South,2822,318.66
2023-03-24,Keyboard,East,4590,1112.71
2023-03-24,Monitor,North,829,155.94
2023-03-24,Headphones,North,4607,729.66
2023-03-25,Laptop,West,838,164.62
2023-03-25,Mouse,North,3652,663.78
2023-03-25,Keyboard,South,1209,297.55
2023-03-25,Monitor,South,4226,797.17
2023-03-25,Headphones,North,546,32.12
2023-03-26,Laptop,West,900,77.5
2023-03-26,Mouse,North,3657,852.44
2023-03-26,Keyboard,South,4930,934.16
2023-03-26,Monitor,North,3430,805.64
2023-03-26,Headphones,South,1326,316.72
2023-03-27,Laptop,South,3794,843.82
2023-03-27,Mouse,East,3542,403.15
2023-03-27,Keyboard,South,1114,63.95
2023-03-27,Monitor,East,3723,357.41
2023-03-27,Headphones,West,630,119.23
2023-03-28,Laptop,West,4778,625.43
2023-03-28,Mouse,East,4459,704.07
2023-03-28,Keyboard,North,1420,280.55
2023-03-28,Monitor,North,4611,624.16
2023-03-28,Headphones,West,4021,220.67
2023-03-29,Laptop,South,1045,56.7
2023-03-29,Mouse,East,2304,358.93
2023-03-29,Keyboard,West,4310,275.87
2023-03-29,Monitor,South,4624,940.7
2023-03-29,Headphones,North,4913,717.18
2023-03-30,Laptop,North,771,173.27
2023-03-30,Mouse,East,2924,595.49
2023-03-30,Keyboard,North,3930,607.2
2023-03-30,Monitor,North,4260,307.12
2023-03-30,Headphones,South,875,94.02
2023-03-31,Laptop,West,645,62.39
2023-03-31,Mouse,North,931,49.88
2023-03-31,Keyboard,South,3132,225.17
2023-03-31,Monitor,North,1463,137.01
2023-03-31,Headphones,South,2328,482.52
2023-04-01,Laptop,East,1306,294.93
2023-04-01,Mouse,South,3915,561.73
2023-04-01,Keyboard,North,1384,299.12
2023-04-01,Monitor,South,3901,231.68
2023-04-01,Headphones,North,2765,158.56
2023-04-02,Laptop,South,4345,913.12
2023-04-02,Mouse,South,1226,278.0
2023-04-02,Keyboard,East,2413,374.03
2023-04-02,Monitor,East,2966,598.09
2023-04-02,Headphones,South,502,107.01
2023-04-03,Laptop,South,1392,219.09
2023-04-03,Mouse,North,2433,540.19
2023-04-03,Keyboard,East,2140,274.42
2023-04-03,Monitor,East,1487,216.11
2023-04-03,Headphones,East,1855,105.89
2023-04-04,Laptop,East,4635,1095.33
2023-04-04,Mouse,East,1454,154.53
2023-04-04,Keyboard,West,1474,75.2
2023-04-04,Monitor,East,4472,267.23
2023-04-04,Headphones,South,536,50.4
2023-04-05,Laptop,North,1295,84.47
2023-04-05,Mouse,North,3611,818.18
2023-04-05,Keyboard,South,2896,669.85
2023-04-05,Monitor,East,2091,381.45
2023-04-05,Headphones,West,4430,987.44
2023-04-06,Laptop,North,1785,275.34
2023-04-06,Mouse,West,3739,370.37
2023-04-06,Keyboard,East,2204,257.43
2023-04-06,Monitor,North,2216,412.24
2023-04-06,Headphones,East,4238,849.9
2023-04-07,Laptop,East,1056,236.93
2023-04-07,Mouse,East,3219,376.7
2023-04-07,Keyboard,South,2074,170.38
2023-04-07,Monitor,West,3829,828.7
2023-04-07,Headphones,North,2047,104.96
2023-04-08,Laptop,West,3617,416.99
2023-04-08,Mouse,North,2564,187.6
2023-04-08,Keyboard,South,1507,107.59
2023-04-08,Monitor,South,4026,637.13
2023-04-08,Headphones,West,4402,565.35
2023-04-09,Laptop,East,1745,350.29
2023-04-09,Mouse,South,2387,487.36
2023-04-09,Keyboard,West,1540,314.46
2023-04-09,Monitor,North,1385,165.06
2023-04-09,Headphones,South,3691,218.32
2023-04-10,Laptop,South,1186,289.12
2023-04-10,Mouse,West,1262,95.93
2023-04-10,Keyboard,North,3007,165.14
2023-04-10,Monitor,East,3604,413.46
2023-04-10,Headphones,East,4499,918.16
2023-04-11,Laptop,South,4109,336.07
2023-04-11,Mouse,South,3856,921.05
2023-04-11,Keyboard,East,538,83.61
2023-04-11,Monitor,North,2704,296.56
2023-04-11,Headphones,West,3701,757.09
2023-04-12,Laptop,West,3593,274.03
2023-04-12,Mouse,East,3396,824.03
2023-04-12,Keyboard,West,1488,355.22
2023-04-12,Monitor,West,4526,1099.38
2023-04-12,Headphones,East,4463,869.77
2023-04-13,Laptop,South,2480,223.38
2023-04-13,Mouse,North,1292,249.34
2023-04-13,Keyboard,South,2755,437.07
2023-04-13,Monitor,West,1484,332.01
2023-04-13,Headphones,North,1019,208.06
2023-04-14,Laptop,South,4133,835.71
2023-04-14,Mouse,East,4944,376.97
2023-04-14,Keyboard,North,4399,1071.17
2023-04-14,Monitor,West,1026,150.11
2023-04-14,Headphones,South,3844,659.1
2023-04-15,Laptop,West,2263,365.89
2023-04-15,Mouse,West,1516,124.56
2023-04-15,Keyboard,South,616,103.52
2023-04-15,Monitor,West,894,220.7
2023-04-15,Headphones,North,4667,667.01
2023-04-16,Laptop,South,4933,720.16
2023-04-16,Mouse,East,665,72.04
2023-04-16,Keyboard,North,1228,272.65
2023-04-16,Monitor,South,3996,231.46
2023-04-16,Headphones,South,4262,302.54
2023-04-17,Laptop,North,3436,564.13
2023-04-17,Mouse,East,1091,159.8
2023-04-17,Keyboard,West,3220,521.41
2023-04-17,Monitor,West,4837,557.67
2023-04-17,Headphones,South,3348,758.34
2023-04-18,Laptop,South,1417,162.13
2023-04-18,Mouse,South,589,110.67
2023-04-18,Keyboard,South,4738,426.56
2023-04-18,Monitor,East,927,65.74
2023-04-18,Headphones,East,816,156.1
2023-04-19,Laptop,South,2556,606.39
2023-04-19,Mouse,East,2770,438.38
2023-04-19,Keyboard,South,1215,272.4
2023-04-19,Monitor,South,3889,803.8
2023-04-19,Headphones,East,750,110.16
2023-04-20,Laptop,East,707,112.78
2023-04-20,Mouse,South,521,73.18
2023-04-20,Keyboard,East,4609,305.7
2023-04-20,Monitor,South,2634,474.27
2023-04-20,Headphones,North,1766,165.73
2023-04-21,Laptop,East,1249,146.61
2023-04-21,Mouse,West,4304,894.97
2023-04-21,Keyboard,East,2835,424.23
2023-04-21,Monitor,South,2489,482.47
2023-04-21,Headphones,South,811,198.66
2023-04-22,Laptop,East,3471,312.07
2023-04-22,Mouse,East,852,185.81
2023-04-22,Keyboard,North,658,87.63
2023-04-22,Monitor,West,903,158.7
2023-04-22,Headphones,West,1887,384.09
2023-04-23,Laptop,West,2212,337.99
2023-04-23,Mouse,North,1773,345.83
2023-04-23,Keyboard,West,4311,968.62
2023-04-23,Monitor,South,3479,467.38
2023-04-23,Headphones,South,1894,202.22
2023-04-24,Laptop,North,4214,735.74
2023-04-24,Mouse,West,3458,335.97
2023-04-24,Keyboard,South,4091,536.17
2023-04-24,Monitor,South,3869,377.26
2023-04-24,Headphones,South,501,43.18
2023-04-25,Laptop,North,4505,668.79
2023-04-25,Mouse,South,2025,453.9
2023-04-25,Keyboard,East,513,78.47
2023-04-25,Monitor,North,3655,616.2
2023-04-25,Headphones,South,3716,476.45
2023-04-26,Laptop,North,527,53.56
2023-04-26,Mouse,North,4856,558.62
2023-04-26,Keyboard,West,4523,584.97
2023-04-26,Monitor,East,3874,375.53
2023-04-26,Headphones,South,4278,592.1
2023-04-27,Laptop,West,2493,348.41
2023-04-27,Mouse,West,3932,535.45
2023-04-27,Keyboard,West,2860,238.55
2023-04-27,Monitor,West,1807,103.6
2023-04-27,Headphones,North,3234,591.05
2023-04-28,Laptop,North,2852,624.11
2023-04-28,Mouse,West,2703,602.35
2023-04-28,Keyboard,South,1119,176.78
2023-04-28,Monitor,West,4453,1101.4
2023-04-28,Headphones,North,1816,430.98
2023-04-29,Laptop,North,1558,218.81
2023-04-29,Mouse,North,1508,251.74
2023-04-29,Keyboard,West,775,191.68
2023-04-29,Monitor,West,625,150.23
2023-04-29,Headphones,South,4368,976.61
2023-04-30,Laptop,East,3749,444.37
2023-04-30,Mouse,South,4423,332.38
2023-04-30,Keyboard,South,4903,936.16
2023-04-30,Monitor,South,1391,256.9
2023-04-30,Headphones,South,1864,128.21
2023-05-01,Laptop,West,2018,172.4
2023-05-01,Mouse,South,2974,555.1
2023-05-01,Keyboard,South,4549,789.57
2023-05-01,Monitor,West,802,131.63
2023-05-01,Headphones,West,1486,350.98
2023-05-02,Laptop,South,3572,332.68
2023-05-02,Mouse,West,3624,664.62
2023-05-02,Keyboard,North,4173,499.57
2023-05-02,Monitor,South,1203,71.75
2023-05-02,Headphones,North,3732,490.32
2023-05-03,Laptop,West,3132,213.28
2023-05-03,Mouse,East,988,70.96
2023-05-03,Keyboard,South,3673,423.89
2023-05-03,Monitor,South,4614,976.18
2023-05-03,Headphones,South,1500,170.16
2023-05-04,Laptop,North,4212,311.86
2023-05-04,Mouse,South,954,48.8
2023-05-04,Keyboard,East,3647,627.16
2023-05-04,Monitor,East,1416,178.53
2023-05-04,Headphones,North,1940,189.17
2023-05-05,Laptop,North,3838,655.11
2023-05-05,Mouse,South,3389,684.13
2023-05-05,Keyboard,North,1526,241.83
2023-05-05,Monitor,West,3363,737.95
2023-05-05,Headphones,West,1677,120.38
2023-05-06,Laptop,North,4899,813.4
2023-05-06,Mouse,West,3330,429.15
2023-05-06,Keyboard,East,3045,587.98
2023-05-06,Monitor,East,1504,322.58
2023-05-06,Headphones,East,1514,347.23
2023-05-07,Laptop,North,1214,152.98
2023-05-07,Mouse,West,640,77.01
2023-05-07,Keyboard,South,1463,148.28
2023-05-07,Monitor,West,3041,338.94
2023-05-07,Headphones,East,605,104.1
2023-05-08,Laptop,South,4597,480.5
2023-05-08,Mouse,West,2637,196.13
2023-05-08,Keyboard,East,1786,332.6
2023-05-08,Monitor,South,4154,453.02
2023-05-08,Headphones,North,944,95.64
2023-05-09,Laptop,West,1975,133.13
2023-05-09,Mouse,South,1908,237.93
2023-05-09,Keyboard,North,3438,173.68
2023-05-09,Monitor,South,1800,408.31
2023-05-09,Headphones,North,3597,332.4
2023-05-10,Laptop,South,2925,357.3
2023-05-10,Mouse,South,3131,638.69
2023-05-10,Keyboard,North,3725,376.71
2023-05-10,Monitor,West,4645,912.24
2023-05-10,Headphones,West,3773,799.52
2023-05-11,Laptop,East,3540,477.15
2023-05-11,Mouse,North,2084,411.33
2023-05-11,Keyboard,South,1130,177.49
2023-05-11,Monitor,South,4003,450.15
2023-05-11,Headphones,East,1487,135.67
2023-05-12,Laptop,East,1149,116.48
2023-05-12,Mouse,North,940,140.39
2023-05-12,Keyboard,South,1843,142.44
2023-05-12,Monitor,North,4229,553.42
2023-05-12,Headphones,South,4508,849.7
2023-05-13,Laptop,East,3851,291.44
2023-05-13,Mouse,East,1741,204.47
2023-05-13,Keyboard,West,1690,345.65
2023-05-13,Monitor,West,4948,836.95
2023-05-13,Headphones,North,2414,286.57
2023-05-14,Laptop,East,1207,167.15
2023-05-14,Mouse,West,4213,774.86
2023-05-14,Keyboard,West,4110,731.72
2023-05-14,Monitor,West,2235,402.69
2023-05-14,Headphones,South,2928,413.94
2023-05-15,Laptop,South,3274,411.53
2023-05-15,Mouse,South,1732,431.43
2023-05-15,Keyboard,East,4711,292.22
2023-05-15,Monitor,West,4119,998.17
2023-05-15,Headphones,North,2834,569.54
2023-05-16,Laptop,East,707,93.25
2023-05-16,Mouse,South,1132,242.66
2023-05-16,Keyboard,West,2431,598.63
2023-05-16,Monitor,East,2179,275.65
2023-05-16,Headphones,East,4943,1210.21
2023-05-17,Laptop,South,2040,402.77
2023-05-17,Mouse,West,863,85.21
2023-05-17,Keyboard,South,648,44.44
2023-05-17,Monitor,South,2266,505.18
2023-05-17,Headphones,North,3331,504.21
2023-05-18,Laptop,West,3285,205.71
2023-05-18,Mouse,West,2101,265.11
2023-05-18,Keyboard,South,2996,332.87
2023-05-18,Monitor,West,2225,310.26
2023-05-18,Headphones,West,4906,404.02
2023-05-19,Laptop,South,2690,668.28
2023-05-19,Mouse,North,743,68.13
2023-05-19,Keyboard,East,1060,77.67
2023-05-19,Monitor,South,2326,429.99
2023-05-19,Headphones,South,633,49.54
2023-05-20,Laptop,East,572,65.5
2023-05-20,Mouse,East,4725,447.57
2023-05-20,Keyboard,South,4861,1042.67
2023-05-20,Monitor,North,4759,815.09
2023-05-20,Headphones,North,1633,375.02
2023-05-21,Laptop,South,3446,828.97
2023-05-21,Mouse,South,1548,283.69
2023-05-21,Keyboard,South,3464,191.08
2023-05-21,Monitor,North,4723,644.69
2023-05-21,Headphones,North,1042,157.58
2023-05-22,Laptop,South,3536,251.53
2023-05-22,Mouse,South,3219,300.04
2023-05-22,Keyboard,South,3701,666.33
2023-05-22,Monitor,East,2453,348.23
2023-05-22,Headphones,South,4350,873.7
2023-05-23,Laptop,East,956,130.08
2023-05-23,Mouse,North,4744,352.37
2023-05-23,Keyboard,South,4065,285.4
2023-05-23,Monitor,West,899,56.15
2023-05-23,Headphones,West,2138,204.78
2023-05-24,Laptop,North,1882,177.21
2023-05-24,Mouse,North,1319,238.93
2023-05-24,Keyboard,South,3802,740.87
2023-05-24,Monitor,North,1267,112.67
2023-05-24,Headphones,East,2639,386.16
2023-05-25,Laptop,East,2264,288.47
2023-05-25,Mouse,North,4981,382.35
2023-05-25,Keyboard,North,2793,581.13
2023-05-25,Monitor,North,1400,130.26
2023-05-25,Headphones,North,2509,246.48
2023-05-26,Laptop,North,2885,181.53
2023-05-26,Mouse,West,663,82.4
2023-05-26,Keyboard,North,2942,414.46
2023-05-26,Monitor,West,4778,381.51
2023-05-26,Headphones,South,1045,120.11
2023-05-27,Laptop,West,1093,158.71
2023-05-27,Mouse,North,4304,554.77
2023-05-27,Keyboard,South,3101,641.92
2023-05-27,Monitor,North,3172,764.66
2023-05-27,Headphones,North,3691,417.38
2023-05-28,Laptop,North,1071,69.92
2023-05-28,Mouse,North,741,42.74
2023-05-28,Keyboard,West,2779,395.44
2023-05-28,Monitor,East,3349,426.23
2023-05-28,Headphones,South,2747,262.04
2023-05-29,Laptop,North,4426,680.19
2023-05-29,Mouse,East,2648,157.73
2023-05-29,Keyboard,West,4076,812.11
2023-05-29,Monitor,North,4006,257.39
2023-05-29,Headphones,West,3588,865.79
2023-05-30,Laptop,North,4827,582.38
2023-05-30,Mouse,South,2174,530.78
2023-05-30,Keyboard,East,3046,265.12
2023-05-30,Monitor,East,2989,208.27
2023-05-30,Headphones,South,2537,514.69
2023-05-31,Laptop,West,2073,137.9
2023-05-31,Mouse,West,3791,871.1
2023-05-31,Keyboard,West,4339,414.67
2023-05-31,Monitor,North,3509,643.8
2023-05-31,Headphones,East,4132,417.67
2023-06-01,Laptop,West,2113,134.92
2023-06-01,Mouse,North,877,127.74
2023-06-01,Keyboard,East,869,99.45
2023-06-01,Monitor,West,1151,166.74
2023-06-01,Headphones,South,2921,429.98
2023-06-02,Laptop,West,4483,951.98
2023-06-02,Mouse,West,1022,60.04
2023-06-02,Keyboard,North,1435,243.53
2023-06-02,Monitor,North,4197,1001.47
2023-06-02,Headphones,South,3743,334.98
2023-06-03,Laptop,South,2660,476.57
2023-06-03,Mouse,East,2067,234.37
2023-06-03,Keyboard,East,3044,309.53
2023-06-03,Monitor,East,2696,541.92
2023-06-03,Headphones,North,801,156.75
2023-06-04,Laptop,East,2259,193.11
2023-06-04,Mouse,South,1161,286.69
2023-06-04,Keyboard,South,4368,854.33
2023-06-04,Monitor,South,4808,938.5
2023-06-04,Headphones,East,4178,617.0
2023-06-05,Laptop,East,4683,554.83
2023-06-05,Mouse,South,4254,857.76
2023-06-05,Keyboard,North,3243,559.05
2023-06-05,Monitor,South,2566,206.09
2023-06-05,Headphones,South,1804,364.81
2023-06-06,Laptop,East,861,139.14
2023-06-06,Mouse,West,1784,403.7
2023-06-06,Keyboard,West,2355,494.58
2023-06-06,Monitor,East,3020,486.27
2023-06-06,Headphones,West,1422,266.73
2023-06-07,Laptop,West,3047,471.77
2023-06-07,Mouse,South,3149,686.46
2023-06-07,Keyboard,West,2756,143.88
2023-06-07,Monitor,North,3989,804.72
2023-06-07,Headphones,West,3134,630.73
2023-06-08,Laptop,East,4395,661.05
2023-06-08,Mouse,South,2679,340.43
2023-06-08,Keyboard,West,1543,317.98
2023-06-08,Monitor,South,726,56.31
2023-06-08,Headphones,South,2523,216.16
2023-06-09,Laptop,South,2585,215.53
2023-06-09,Mouse,West,1580,201.5
2023-06-09,Keyboard,North,3690,829.71
2023-06-09,Monitor,North,4086,257.3
2023-06-09,Headphones,West,3447,208.75
2023-06-10,Laptop,West,661,112.29
2023-06-10,Mouse,East,3759,808.22
2023-06-10,Keyboard,North,3890,254.45
2023-06-10,Monitor,South,1163,135.89
2023-06-10,Headphones,South,3474,747.0
2023-06-11,Laptop,East,931,116.09
2023-06-11,Mouse,South,4778,941.75
2023-06-11,Keyboard,North,1669,207.43
2023-06-11,Monitor,North,3310,696.0
2023-06-11,Headphones,East,1519,166.92
2023-06-12,Laptop,North,2948,523.3
2023-06-12,Mouse,West,2510,469.83
2023-06-12,Keyboard,East,2625,523.54
2023-06-12,Monitor,East,3971,359.72
2023-06-12,Headphones,West,637,74.47
2023-06-13,Laptop,North,4196,701.41
2023-06-13,Mouse,South,3257,500.33
2023-06-13,Keyboard,North,3110,740.6
2023-06-13,Monitor,South,1046,142.18
2023-06-13,Headphones,East,2503,526.95
2023-06-14,Laptop,South,1203,176.35
2023-06-14,Mouse,South,2125,140.51
2023-06-14,Keyboard,East,3478,477.77
2023-06-14,Monitor,North,3159,641.6
2023-06-14,Headphones,South,1185,203.87
2023-06-15,Laptop,West,2119,384.37
2023-06-15,Mouse,West,1931,118.58
2023-06-15,Keyboard,South,1865,190.87
2023-06-15,Monitor,East,2474,572.11
2023-06-15,Headphones,West,1405,146.67
2023-06-16,Laptop,South,2514,351.83
2023-06-16,Mouse,North,1081,68.18
2023-06-16,Keyboard,North,2219,131.59
2023-06-16,Monitor,South,2797,454.23
2023-06-16,Headphones,North,1189,157.21
2023-06-17,Laptop,East,3641,837.31
2023-06-17,Mouse,South,1171,214.01
2023-06-17,Keyboard,West,4226,956.88
2023-06-17,Monitor,North,1949,420.15
2023-06-17,Headphones,West,4760,1172.19
2023-06-18,Laptop,South,4152,750.83
2023-06-18,Mouse,South,2852,407.23
2023-06-18,Keyboard,North,4979,1212.24
2023-06-18,Monitor,North,924,50.27
2023-06-18,Headphones,North,1394,139.67
2023-06-19,Laptop,East,1097,177.98
2023-06-19,Mouse,North,2187,159.55
2023-06-19,Keyboard,South,2590,164.55
2023-06-19,Monitor,South,4772,757.35
2023-06-19,Headphones,South,2017,285.73
2023-06-20,Laptop,North,4088,977.6
2023-06-20,Mouse,West,3637,252.82
2023-06-20,Keyboard,West,4250,676.12
2023-06-20,Monitor,West,1110,67.03
2023-06-20,Headphones,East,3108,280.57
2023-06-21,Laptop,East,2824,234.23
2023-06-21,Mouse,East,1591,320.35
2023-06-21,Keyboard,South,3291,742.34
2023-06-21,Monitor,South,3175,711.57
2023-06-21,Headphones,East,3548,574.91
2023-06-22,Laptop,West,2613,164.73
2023-06-22,Mouse,South,4470,1036.34
2023-06-22,Keyboard,North,2077,310.64
2023-06-22,Monitor,South,2314,496.17
2023-06-22,Headphones,South,4902,436.88
2023-06-23,Laptop,West,4157,286.03
2023-06-23,Mouse,West,975,196.46
2023-06-23,Keyboard,North,2785,436.15
2023-06-23,Monitor,South,4025,839.83
2023-06-23,Headphones,East,3424,791.73
2023-06-24,Laptop,South,2398,591.6
2023-06-24,Mouse,North,2767,250.15
2023-06-24,Keyboard,West,1112,218.54
2023-06-24,Monitor,West,4190,471.93
2023-06-24,Headphones,South,3513,855.6
2023-06-25,Laptop,East,3091,227.28
2023-06-25,Mouse,East,4458,1085.19
2023-06-25,Keyboard,East,2410,179.51
2023-06-25,Monitor,South,4864,557.43
2023-06-25,Headphones,West,1625,399.68
2023-06-26,Laptop,East,746,56.67
2023-06-26,Mouse,North,2060,141.33
2023-06-26,Keyboard,West,4364,936.48
2023-06-26,Monitor,South,3569,700.59
2023-06-26,Headphones,North,4047,896.96
2023-06-27,Laptop,West,4057,641.65
2023-06-27,Mouse,East,3490,629.36
2023-06-27,Keyboard,North,3272,330.03
2023-06-27,Monitor,South,1654,373.75
2023-06-27,Headphones,South,1485,146.82
2023-06-28,Laptop,West,4331,292.06
2023-06-28,Mouse,North,1480,198.36
2023-06-28,Keyboard,South,4636,917.62
2023-06-28,Monitor,South,1598,288.01
2023-06-28,Headphones,West,1395,168.06
2023-06-29,Laptop,North,2174,475.56
2023-06-29,Mouse,East,1430,80.4
2023-06-29,Keyboard,North,1589,179.53
2023-06-29,Monitor,West,655,122.05
2023-06-29,Headphones,South,4719,1171.96
2023-06-30,Laptop,East,1354,88.57
2023-06-30,Mouse,East,941,143.53
2023-06-30,Keyboard,South,1836,203.41
2023-06-30,Monitor,South,959,92.59
2023-06-30,Headphones,North,4438,274.35
2023-07-01,Laptop,East,2757,496.68
2023-07-01,Mouse,South,2954,247.59
2023-07-01,Keyboard,South,3097,295.29
2023-07-01,Monitor,North,1339,101.46
2023-07-01,Headphones,East,4417,644.06
2023-07-02,Laptop,North,780,104.75
2023-07-02,Mouse,South,4749,1155.19
2023-07-02,Keyboard,South,2467,472.52
2023-07-02,Monitor,South,3446,691.93
2023-07-02,Headphones,North,2831,151.75
2023-07-03,Laptop,East,4289,837.79
2023-07-03,Mouse,East,2031,359.52
2023-07-03,Keyboard,West,4993,467.79
2023-07-03,Monitor,North,3223,223.38
2023-07-03,Headphones,South,764,40.1
2023-07-04,Laptop,West,2262,215.5
2023-07-04,Mouse,South,2769,470.07
2023-07-04,Keyboard,East,567,127.83
2023-07-04,Monitor,South,4508,1117.11
2023-07-04,Headphones,East,3024,658.11
2023-07-05,Laptop,West,2193,297.89
2023-07-05,Mouse,East,2085,343.34
2023-07-05,Keyboard,North,1848,185.65
2023-07-05,Monitor,North,2486,367.12
2023-07-05,Headphones,North,2544,394.44
2023-07-06,Laptop,North,1558,336.31
2023-07-06,Mouse,West,3027,497.5
2023-07-06,Keyboard,North,842,114.58
2023-07-06,Monitor,West,4159,594.27
2023-07-06,Headphones,East,2396,283.12
2023-07-07,Laptop,West,905,155.13
2023-07-07,Mouse,East,2073,348.97
2023-07-07,Keyboard,North,4774,465.4
2023-07-07,Monitor,East,2895,205.1
2023-07-07,Headphones,South,1078,194.52
2023-07-08,Laptop,South,2507,426.52
2023-07-08,Mouse,East,2292,237.89
2023-07-08,Keyboard,South,2761,278.53
2023-07-08,Monitor,North,4857,287.19
2023-07-08,Headphones,West,3951,568.66
2023-07-09,Laptop,North,2640,381.73
2023-07-09,Mouse,East,641,110.35
2023-07-09,Keyboard,North,2596,133.78
2023-07-09,Monitor,South,1659,95.13
2023-07-09,Headphones,West,840,115.67
2023-07-10,Laptop,West,4913,635.54
2023-07-10,Mouse,South,2929,309.2
2023-07-10,Keyboard,West,1355,211.81
2023-07-10,Monitor,East,682,153.34
2023-07-10,Headphones,North,2017,501.35
2023-07-11,Laptop,North,2674,280.63
2023-07-11,Mouse,North,3739,502.39
2023-07-11,Keyboard,West,3504,675.59
2023-07-11,Monitor,West,3811,416.72
2023-07-11,Headphones,South,1487,318.57
2023-07-12,Laptop,West,673,40.53
2023-07-12,Mouse,North,1226,71.25
2023-07-12,Keyboard,West,4533,829.8
2023-07-12,Monitor,North,3186,581.55
2023-07-12,Headphones,North,2274,304.24
2023-07-13,Laptop,West,4308,563.69
2023-07-13,Mouse,East,3202,640.3
2023-07-13,Keyboard,South,4368,811.29
2023-07-13,Monitor,South,2342,395.17
2023-07-13,Headphones,South,1409,249.7
2023-07-14,Laptop,South,1270,247.39
2023-07-14,Mouse,East,4085,637.25
2023-07-14,Keyboard,East,3921,307.51
2023-07-14,Monitor,North,4508,605.91
2023-07-14,Headphones,East,2782,409.51
2023-07-15,Laptop,North,2498,146.75
2023-07-15,Mouse,North,4644,432.87
2023-07-15,Keyboard,North,1931,348.47
2023-07-15,Monitor,West,2824,532.32
2023-07-15,Headphones,South,3158,206.92
2023-07-16,Laptop,North,4520,1005.02
2023-07-16,Mouse,South,3759,358.07
2023-07-16,Keyboard,West,1974,276.41
2023-07-16,Monitor,West,3634,253.56
2023-07-16,Headphones,East,2541,315.11
2023-07-17,Laptop,South,2135,274.55
2023-07-17,Mouse,West,3861,321.9
2023-07-17,Keyboard,North,506,39.73
2023-07-17,Monitor,West,3764,900.83
2023-07-17,Headphones,East,3773,675.99
2023-07-18,Laptop,West,1942,229.39
2023-07-18,Mouse,East,4046,533.77
2023-07-18,Keyboard,North,3428,635.63
2023-07-18,Monitor,North,1429,312.01
2023-07-18,Headphones,West,3775,611.31
2023-07-19,Laptop,East,2400,586.57
2023-07-19,Mouse,South,1899,466.19
2023-07-19,Keyboard,East,1678,153.99
2023-07-19,Monitor,East,1757,226.81
2023-07-19,Headphones,South,1410,208.07
2023-07-20,Laptop,South,2669,195.44
2023-07-20,Mouse,South,623,70.27
2023-07-20,Keyboard,East,1285,276.71
2023-07-20,Monitor,North,1296,139.55
2023-07-20,Headphones,East,2436,309.62
2023-07-21,Laptop,West,1801,285.07
2023-07-21,Mouse,North,2852,446.2
2023-07-21,Keyboard,North,2890,399.08
2023-07-21,Monitor,South,1877,191.2
2023-07-21,Headphones,East,840,99.53
2023-07-22,Laptop,West,2056,500.19
2023-07-22,Mouse,East,2022,167.92
2023-07-22,Keyboard,East,1803,450.65
2023-07-22,Monitor,North,1634,348.62
2023-07-22,Headphones,West,3670,829.65
2023-07-23,Laptop,West,1737,284.65
2023-07-23,Mouse,South,3334,300.93
2023-07-23,Keyboard,North,3067,177.55
2023-07-23,Monitor,North,3160,501.19
2023-07-23,Headphones,East,2546,618.18
2023-07-24,Laptop,North,766,92.45
2023-07-24,Mouse,East,3711,213.74
2023-07-24,Keyboard,South,2010,150.68
2023-07-24,Monitor,North,1707,179.5
2023-07-24,Headphones,South,1382,196.98
2023-07-25,Laptop,West,3167,464.54
2023-07-25,Mouse,West,2110,191.26
2023-07-25,Keyboard,West,2954,376.07
2023-07-25,Monitor,East,3308,405.08
2023-07-25,Headphones,North,4302,565.79
2023-07-26,Laptop,East,4322,711.86
2023-07-26,Mouse,North,4758,428.67
2023-07-26,Keyboard,North,2363,521.73
2023-07-26,Monitor,North,2884,632.73
2023-07-26,Headphones,West,2990,167.91
2023-07-27,Laptop,East,2224,523.25
2023-07-27,Mouse,West,1637,237.97
2023-07-27,Keyboard,North,4406,830.56
2023-07-27,Monitor,South,2867,315.02
2023-07-27,Headphones,West,1727,364.2
2023-07-28,Laptop,West,1195,186.08
2023-07-28,Mouse,South,3734,931.87
2023-07-28,Keyboard,West,3341,720.63
2023-07-28,Monitor,East,1041,55.03
2023-07-28,Headphones,North,3863,837.61
2023-07-29,Laptop,North,3458,271.7
2023-07-29,Mouse,West,2735,496.97
2023-07-29,Keyboard,East,756,165.7
2023-07-29,Monitor,South,3675,477.09
2023-07-29,Headphones,South,913,50.12
2023-07-30,Laptop,East,3926,627.48
2023-07-30,Mouse,South,687,113.64
2023-07-30,Keyboard,West,2592,624.73
2023-07-30,Monitor,East,857,94.2
2023-07-30,Headphones,West,2922,638.21
2023-07-31,Laptop,West,1997,260.76
2023-07-31,Mouse,East,3055,680.29
2023-07-31,Keyboard,East,3451,374.44
2023-07-31,Monitor,West,4465,460.94
2023-07-31,Headphones,South,3280,546.62
2023-08-01,Laptop,East,2868,458.3
2023-08-01,Mouse,South,936,53.1
2023-08-01,Keyboard,East,4358,782.54
2023-08-01,Monitor,South,2884,559.38
2023-08-01,Headphones,West,2089,134.44
2023-08-02,Laptop,West,4453,438.11
2023-08-02,Mouse,West,1511,167.18
2023-08-02,Keyboard,East,2807,220.56
2023-08-02,Monitor,East,1535,229.24
2023-08-02,Headphones,South,4949,961.81
2023-08-03,Laptop,North,1764,268.53
2023-08-03,Mouse,South,2309,242.99
2023-08-03,Keyboard,South,3914,652.28
2023-08-03,Monitor,West,2937,291.83
2023-08-03,Headphones,North,1167,82.13
2023-08-04,Laptop,North,4732,1034.14
2023-08-04,Mouse,West,1318,180.25
2023-08-04,Keyboard,North,697,87.45
2023-08-04,Monitor,West,3992,292.23
2023-08-04,Headphones,East,2448,312.19
2023-08-05,Laptop,East,4300,820.32
2023-08-05,Mouse,South,4618,465.71
2023-08-05,Keyboard,East,1428,150.92
2023-08-05,Monitor,East,4023,766.41
2023-08-05,Headphones,South,1816,108.3
2023-08-06,Laptop,North,3087,688.91
2023-08-06,Mouse,East,3874,279.69
2023-08-06,Keyboard,West,726,90.0
2023-08-06,Monitor,West,4572,398.7
2023-08-06,Headphones,North,896,119.31
2023-08-07,Laptop,South,4924,1102.74
2023-08-07,Mouse,South,2505,233.34
2023-08-07,Keyboard,North,2378,407.95
2023-08-07,Monitor,South,4476,346.09
2023-08-07,Headphones,East,1439,185.67
2023-08-08,Laptop,West,1961,325.2
2023-08-08,Mouse,North,3823,224.03
2023-08-08,Keyboard,North,2596,187.7
2023-08-08,Monitor,South,2600,487.78
2023-08-08,Headphones,North,4248,986.44
2023-08-09,Laptop,South,2505,480.65
2023-08-09,Mouse,South,1174,174.42
2023-08-09,Keyboard,East,3161,493.71
2023-08-09,Monitor,South,4766,1074.87
2023-08-09,Headphones,South,3759,486.9
2023-08-10,Laptop,North,4423,623.57
2023-08-10,Mouse,West,4258,400.09
2023-08-10,Keyboard,West,3245,718.53
2023-08-10,Monitor,South,4264,278.34
2023-08-10,Headphones,East,3292,243.74
2023-08-11,Laptop,South,3962,212.01
2023-08-11,Mouse,North,532,105.23
2023-08-11,Keyboard,East,3303,589.16
2023-08-11,Monitor,West,1219,134.04
2023-08-11,Headphones,West,1472,360.4
2023-08-12,Laptop,East,4902,268.23
2023-08-12,Mouse,East,4820,825.33
2023-08-12,Keyboard,West,3616,468.64
2023-08-12,Monitor,West,694,133.27
2023-08-12,Headphones,North,3157,538.77
2023-08-13,Laptop,North,1602,99.23
2023-08-13,Mouse,West,1741,289.78
2023-08-13,Keyboard,West,892,87.27
2023-08-13,Monitor,West,3155,568.5
2023-08-13,Headphones,East,4371,284.64
2023-08-14,Laptop,North,2052,195.1
2023-08-14,Mouse,West,3770,294.67
2023-08-14,Keyboard,South,960,203.74
2023-08-14,Monitor,West,3983,711.22
2023-08-14,Headphones,North,1572,376.46
2023-08-15,Laptop,South,715,139.42
2023-08-15,Mouse,North,3106,192.96
2023-08-15,Keyboard,South,3813,716.92
2023-08-15,Monitor,South,2552,381.43
2023-08-15,Headphones,North,2795,214.81
2023-08-16,Laptop,South,2969,462.96
2023-08-16,Mouse,East,3283,492.85
2023-08-16,Keyboard,North,3000,522.55
2023-08-16,Monitor,South,3145,635.83
2023-08-16,Headphones,South,2849,389.07
2023-08-17,Laptop,South,1616,236.37
2023-08-17,Mouse,North,3806,703.61
2023-08-17,Keyboard,North,4323,1076.41
2023-08-17,Monitor,South,2046,262.65
2023-08-17,Headphones,West,2105,151.09
2023-08-18,Laptop,West,2390,357.66
2023-08-18,Mouse,West,2993,490.58
2023-08-18,Keyboard,East,856,117.61
2023-08-18,Monitor,East,1369,238.85
2023-08-18,Headphones,South,1783,384.91
2023-08-19,Laptop,North,4142,501.22
2023-08-19,Mouse,North,744,178.99
2023-08-19,Keyboard,South,1019,83.9
2023-08-19,Monitor,West,3025,585.84
2023-08-19,Headphones,East,4782,1157.4
2023-08-20,Laptop,South,585,99.81
2023-08-20,Mouse,North,4119,500.07
2023-08-20,Keyboard,West,4509,951.18
2023-08-20,Monitor,North,2717,310.65
2023-08-20,Headphones,South,4138,810.11
2023-08-21,Laptop,East,3337,452.97
2023-08-21,Mouse,North,4944,722.7
2023-08-21,Keyboard,North,1696,125.0
2023-08-21,Monitor,North,1961,254.08
2023-08-21,Headphones,East,2676,157.84
2023-08-22,Laptop,North,4922,612.03
2023-08-22,Mouse,West,2951,592.72
2023-08-22,Keyboard,East,4196,582.71
2023-08-22,Monitor,South,3265,569.44
2023-08-22,Headphones,North,615,78.27
2023-08-23,Laptop,North,3662,487.49
2023-08-23,Mouse,North,2661,613.22
2023-08-23,Keyboard,South,4199,233.06
2023-08-23,Monitor,East,4286,858.72
2023-08-23,Headphones,North,2413,582.17
2023-08-24,Laptop,South,2901,539.32
2023-08-24,Mouse,North,3280,446.99
2023-08-24,Keyboard,West,3371,559.65
2023-08-24,Monitor,East,3135,632.5
2023-08-24,Headphones,East,1632,196.84
2023-08-25,Laptop,East,2538,607.32
2023-08-25,Mouse,West,2679,575.0
2023-08-25,Keyboard,West,1922,305.41
2023-08-25,Monitor,North,4816,486.71
2023-08-25,Headphones,West,3718,627.45
2023-08-26,Laptop,South,3471,615.09
2023-08-26,Mouse,East,770,173.94
2023-08-26,Keyboard,North,1890,401.01
2023-08-26,Monitor,West,4107,494.98
2023-08-26,Headphones,West,4406,674.7
2023-08-27,Laptop,North,3752,399.57
2023-08-27,Mouse,East,3424,196.93
2023-08-27,Keyboard,South,4776,970.05
2023-08-27,Monitor,North,4332,269.74
2023-08-27,Headphones,South,1880,365.9
2023-08-28,Laptop,West,3656,405.04
2023-08-28,Mouse,East,883,44.41
2023-08-28,Keyboard,East,2487,605.26
2023-08-28,Monitor,South,4582,836.72
2023-08-28,Headphones,East,3740,821.62
2023-08-29,Laptop,East,2349,259.77
2023-08-29,Mouse,South,1635,348.84
2023-08-29,Keyboard,South,3950,987.14
2023-08-29,Monitor,West,4122,387.87
2023-08-29,Headphones,South,4808,762.04
2023-08-30,Laptop,West,771,50.65
2023-08-30,Mouse,East,3773,204.25
2023-08-30,Keyboard,South,4849,808.59
2023-08-30,Monitor,East,4051,236.92
2023-08-30,Headphones,North,3332,567.48
2023-08-31,Laptop,West,652,49.54
2023-08-31,Mouse,North,3300,504.14
2023-08-31,Keyboard,North,3110,385.19
2023-08-31,Monitor,North,4699,404.3
2023-08-31,Headphones,East,2414,508.64
2023-09-01,Laptop,East,906,67.97
2023-09-01,Mouse,North,2161,256.99
2023-09-01,Keyboard,South,1180,105.08
2023-09-01,Monitor,North,4857,888.97
2023-09-01,Headphones,North,2038,150.35
2023-09-02,Laptop,North,1599,294.55
2023-09-02,Mouse,North,2730,436.42
2023-09-02,Keyboard,North,1997,164.97
2023-09-02,Monitor,West,1651,381.9
2023-09-02,Headphones,North,542,118.05
2023-09-03,Laptop,West,4673,891.33
2023-09-03,Mouse,South,3886,583.75
2023-09-03,Keyboard,South,1492,363.16
2023-09-03,Monitor,East,2740,306.24
2023-09-03,Headphones,West,889,65.52
2023-09-04,Laptop,West,2355,454.24
2023-09-04,Mouse,East,3263,311.11
2023-09-04,Keyboard,East,1981,419.49
2023-09-04,Monitor,East,951,166.43
2023-09-04,Headphones,South,3593,663.05
2023-09-05,Laptop,North,3066,345.15
2023-09-05,Mouse,East,4197,908.93
2023-09-05,Keyboard,East,3750,196.62
2023-09-05,Monitor,West,612,33.02
2023-09-05,Headphones,North,2878,254.09
2023-09-06,Laptop,West,1924,455.99
2023-09-06,Mouse,North,3116,702.96
2023-09-06,Keyboard,North,1387,286.76
2023-09-06,Monitor,South,549,74.97
2023-09-06,Headphones,East,1973,179.7
2023-09-07,Laptop,East,951,234.34
2023-09-07,Mouse,West,4265,838.91
2023-09-07,Keyboard,East,2049,422.5
2023-09-07,Monitor,West,3261,759.64
2023-09-07,Headphones,West,701,60.2
2023-09-08,Laptop,South,1841,296.58
2023-09-08,Mouse,South,4045,673.24
2023-09-08,Keyboard,North,4302,662.25
2023-09-08,Monitor,East,2934,267.19
2023-09-08,Headphones,North,707,124.53
2023-09-09,Laptop,West,3133,588.87
2023-09-09,Mouse,South,3866,326.38
2023-09-09,Keyboard,East,3100,212.08
2023-09-09,Monitor,West,4998,873.3
2023-09-09,Headphones,East,3349,638.85
2023-09-10,Laptop,South,2242,364.85
2023-09-10,Mouse,North,4695,469.05
2023-09-10,Keyboard,South,1588,116.58
2023-09-10,Monitor,North,3494,791.74
2023-09-10,Headphones,East,1771,296.67
2023-09-11,Laptop,South,2961,550.81
2023-09-11,Mouse,West,3428,435.78
2023-09-11,Keyboard,East,1316,208.45
2023-09-11,Monitor,East,2420,227.71
2023-09-11,Headphones,North,2593,227.43
2023-09-12,Laptop,West,675,123.52
2023-09-12,Mouse,South,869,172.55
2023-09-12,Keyboard,South,3990,909.77
2023-09-12,Monitor,North,4962,504.85
2023-09-12,Headphones,North,2926,569.66
2023-09-13,Laptop,South,3462,581.24
2023-09-13,Mouse,North,4638,823.42
2023-09-13,Keyboard,South,4517,870.93
2023-09-13,Monitor,West,2586,232.36
2023-09-13,Headphones,East,1634,323.11
2023-09-14,Laptop,East,3284,305.02
2023-09-14,Mouse,North,2846,283.21
2023-09-14,Keyboard,West,2750,389.92
2023-09-14,Monitor,East,4401,754.1
2023-09-14,Headphones,East,2051,135.84
2023-09-15,Laptop,West,2026,441.06
2023-09-15,Mouse,South,3186,683.71
2023-09-15,Keyboard,East,2866,455.27
2023-09-15,Monitor,South,2934,508.63
2023-09-15,Headphones,North,1514,299.14
2023-09-16,Laptop,South,1190,242.94
2023-09-16,Mouse,North,3056,510.02
2023-09-16,Keyboard,North,794,82.39
2023-09-16,Monitor,West,3412,781.58
2023-09-16,Headphones,North,2373,492.34
2023-09-17,Laptop,North,3317,583.96
2023-09-17,Mouse,East,1241,168.18
2023-09-17,Keyboard,West,4197,754.89
2023-09-17,Monitor,North,1858,116.68
2023-09-17,Headphones,South,562,60.96
2023-09-18,Laptop,East,4269,232.16
2023-09-18,Mouse,West,4851,638.04
2023-09-18,Keyboard,East,2635,620.34
2023-09-18,Monitor,East,1322,254.61
2023-09-18,Headphones,South,620,63.27
2023-09-19,Laptop,South,1424,91.28
2023-09-19,Mouse,South,2568,511.94
2023-09-19,Keyboard,East,3168,682.06
2023-09-19,Monitor,East,1302,274.94
2023-09-19,Headphones,North,695,163.26
2023-09-20,Laptop,East,2859,459.37
2023-09-20,Mouse,North,776,154.04
2023-09-20,Keyboard,South,4427,920.19
2023-09-20,Monitor,East,3091,654.87
2023-09-20,Headphones,North,2071,365.41
2023-09-21,Laptop,North,4909,1169.44
2023-09-21,Mouse,North,1736,400.52
2023-09-21,Keyboard,South,2656,400.06
2023-09-21,Monitor,South,2972,659.08
2023-09-21,Headphones,South,586,127.5
2023-09-22,Laptop,East,3442,592.4
2023-09-22,Mouse,North,3810,703.82
2023-09-22,Keyboard,North,4129,524.22
2023-09-22,Monitor,West,3818,192.42
2023-09-22,Headphones,South,984,193.34
2023-09-23,Laptop,South,4884,581.42
2023-09-23,Mouse,South,998,98.11
2023-09-23,Keyboard,South,3567,593.65
2023-09-23,Monitor,South,2236,206.56
2023-09-23,Headphones,East,2753,229.56
2023-09-24,Laptop,East,646,75.67
2023-09-24,Mouse,South,2910,469.6
2023-09-24,Keyboard,East,3860,524.15
2023-09-24,Monitor,East,2742,519.02
2023-09-24,Headphones,East,948,86.02
2023-09-25,Laptop,South,4736,1061.36
2023-09-25,Mouse,South,4688,733.68
2023-09-25,Keyboard,North,3107,531.69
2023-09-25,Monitor,West,3888,456.61
2023-09-25,Headphones,West,4666,339.95
2023-09-26,Laptop,South,4900,910.32
2023-09-26,Mouse,South,1316,316.22
2023-09-26,Keyboard,North,2276,392.08
2023-09-26,Monitor,East,750,108.64
2023-09-26,Headphones,East,4200,396.4
2023-09-27,Laptop,South,1667,86.68
2023-09-27,Mouse,West,1596,250.78
2023-09-27,Keyboard,North,1004,225.73
2023-09-27,Monitor,North,3046,229.9
2023-09-27,Headphones,South,4316,674.66
2023-09-28,Laptop,North,4934,1056.47
2023-09-28,Mouse,North,4734,308.37
2023-09-28,Keyboard,South,2604,548.68
2023-09-28,Monitor,East,883,80.08
2023-09-28,Headphones,West,4219,951.26
2023-09-29,Laptop,West,3298,522.25
2023-09-29,Mouse,West,3906,247.3
2023-09-29,Keyboard,North,3620,234.65
2023-09-29,Monitor,South,3104,769.31
2023-09-29,Headphones,West,4816,779.29
2023-09-30,Laptop,North,2870,269.84
2023-09-30,Mouse,South,705,87.78
2023-09-30,Keyboard,East,3121,389.8
2023-09-30,Monitor,West,3390,614.76
2023-09-30,Headphones,East,3806,823.14
2023-10-01,Laptop,West,1170,246.75
2023-10-01,Mouse,North,4075,650.71
2023-10-01,Keyboard,North,2455,499.11
2023-10-01,Monitor,South,2392,368.88
2023-10-01,Headphones,South,3354,622.15
2023-10-02,Laptop,West,4292,227.16
2023-10-02,Mouse,East,543,107.76
2023-10-02,Keyboard,East,3663,325.99
2023-10-02,Monitor,West,2425,484.99
2023-10-02,Headphones,North,3971,801.12
2023-10-03,Laptop,East,2312,418.07
2023-10-03,Mouse,West,989,163.94
2023-10-03,Keyboard,South,4145,336.97
2023-10-03,Monitor,South,4016,776.21
2023-10-03,Headphones,South,3075,278.14
2023-10-04,Laptop,East,1454,323.23
2023-10-04,Mouse,South,1149,173.97
2023-10-04,Keyboard,East,3140,524.17
2023-10-04,Monitor,South,870,186.5
2023-10-04,Headphones,South,883,141.16
2023-10-05,Laptop,North,4834,857.32
2023-10-05,Mouse,East,3793,360.37
2023-10-05,Keyboard,South,4751,677.6
2023-10-05,Monitor,South,1422,240.4
2023-10-05,Headphones,South,3546,728.2
2023-10-06,Laptop,East,2935,417.66
2023-10-06,Mouse,East,1863,381.42
2023-10-06,Keyboard,West,703,56.33
2023-10-06,Monitor,West,1268,181.07
2023-10-06,Headphones,South,1593,211.95
2023-10-07,Laptop,West,2040,359.06
2023-10-07,Mouse,South,1189,245.83
2023-10-07,Keyboard,North,2603,234.82
2023-10-07,Monitor,West,4699,861.58
2023-10-07,Headphones,South,2878,611.7
2023-10-08,Laptop,North,4339,1056.34
2023-10-08,Mouse,East,3847,887.19
2023-10-08,Keyboard,North,1614,341.09
2023-10-08,Monitor,South,1974,492.56
2023-10-08,Headphones,East,4946,287.22
2023-10-09,Laptop,North,3328,252.98
2023-10-09,Mouse,West,3006,366.99
2023-10-09,Keyboard,East,1449,236.53
2023-10-09,Monitor,East,3350,178.05
2023-10-09,Headphones,East,3009,702.06
2023-10-10,Laptop,North,1491,166.68
2023-10-10,Mouse,East,4339,754.57
2023-10-10,Keyboard,East,1014,177.37
2023-10-10,Monitor,North,3696,618.66
2023-10-10,Headphones,North,567,140.69
2023-10-11,Laptop,East,518,71.72
2023-10-11,Mouse,South,1072,137.05
2023-10-11,Keyboard,West,2758,616.92
2023-10-11,Monitor,East,3087,480.14
2023-10-11,Headphones,East,4134,573.02
2023-10-12,Laptop,South,2717,524.44
2023-10-12,Mouse,North,1537,93.25
2023-10-12,Keyboard,East,3461,423.92
2023-10-12,Monitor,South,1598,133.39
2023-10-12,Headphones,North,3914,736.52
2023-10-13,Laptop,East,3404,611.79
2023-10-13,Mouse,South,1417,115.12
2023-10-13,Keyboard,West,2178,197.83
2023-10-13,Monitor,South,2249,373.21
2023-10-13,Headphones,North,4688,1123.94
2023-10-14,Laptop,South,3975,743.64
2023-10-14,Mouse,North,874,73.67
2023-10-14,Keyboard,East,1819,383.01
2023-10-14,Monitor,South,3190,567.2
2023-10-14,Headphones,South,4608,372.04
2023-10-15,Laptop,North,1444,152.2
2023-10-15,Mouse,West,2110,355.68
2023-10-15,Keyboard,West,4382,264.66
2023-10-15,Monitor,West,4891,470.31
2023-10-15,Headphones,North,2887,653.02
2023-10-16,Laptop,West,1441,261.99
2023-10-16,Mouse,East,1475,328.33
2023-10-16,Keyboard,East,1443,180.5
2023-10-16,Monitor,East,3827,805.69
2023-10-16,Headphones,East,4774,267.37
2023-10-17,Laptop,South,964,168.24
2023-10-17,Mouse,East,1730,379.7
2023-10-17,Keyboard,South,4356,960.54
2023-10-17,Monitor,South,1424,95.44
2023-10-17,Headphones,East,1594,146.9
2023-10-18,Laptop,South,1262,181.5
2023-10-18,Mouse,South,3275,229.89
2023-10-18,Keyboard,West,3655,894.07
2023-10-18,Monitor,South,2540,618.62
2023-10-18,Headphones,West,4831,510.51
2023-10-19,Laptop,West,609,107.25
2023-10-19,Mouse,North,1361,73.64
2023-10-19,Keyboard,South,4634,570.53
2023-10-19,Monitor,West,1136,125.52
2023-10-19,Headphones,West,2648,222.49
2023-10-20,Laptop,West,3794,779.14
2023-10-20,Mouse,South,2930,724.72
2023-10-20,Keyboard,West,4213,909.43
2023-10-20,Monitor,East,2511,435.52
2023-10-20,Headphones,South,3000,437.1
2023-10-21,Laptop,South,1947,215.58
2023-10-21,Mouse,West,3683,312.5
2023-10-21,Keyboard,East,3716,514.11
2023-10-21,Monitor,East,1490,192.42
2023-10-21,Headphones,East,2653,282.24
2023-10-22,Laptop,South,1276,112.47
2023-10-22,Mouse,North,1187,189.26
2023-10-22,Keyboard,West,2653,299.19
2023-10-22,Monitor,East,2026,441.71
2023-10-22,Headphones,North,3603,821.14
2023-10-23,Laptop,West,4302,664.88
2023-10-23,Mouse,North,946,153.17
2023-10-23,Keyboard,South,1734,314.92
2023-10-23,Monitor,North,726,152.42
2023-10-23,Headphones,West,2330,328.06
2023-10-24,Laptop,North,3377,778.94
2023-10-24,Mouse,North,1348,287.89
2023-10-24,Keyboard,South,2381,533.16
2023-10-24,Monitor,South,3703,903.71
2023-10-24,Headphones,West,3392,618.48
2023-10-25,Laptop,South,3762,617.63
2023-10-25,Mouse,West,552,58.36
2023-10-25,Keyboard,West,2166,187.51
2023-10-25,Monitor,South,1219,130.61
2023-10-25,Headphones,North,2794,458.92
2023-10-26,Laptop,North,2553,318.89
2023-10-26,Mouse,East,3453,426.37
2023-10-26,Keyboard,East,1326,290.43
2023-10-26,Monitor,East,4408,374.79
2023-10-26,Headphones,North,2834,265.38
2023-10-27,Laptop,South,4058,680.88
2023-10-27,Mouse,West,3186,541.8
2023-10-27,Keyboard,North,775,97.11
2023-10-27,Monitor,North,2473,254.9
2023-10-27,Headphones,North,1410,126.76
2023-10-28,Laptop,West,3629,353.53
2023-10-28,Mouse,East,4704,1123.94
2023-10-28,Keyboard,West,2299,540.05
2023-10-28,Monitor,East,3246,545.29
2023-10-28,Headphones,North,2020,413.1
2023-10-29,Laptop,North,3843,665.03
2023-10-29,Mouse,South,1221,186.31
2023-10-29,Keyboard,South,1370,324.74
2023-10-29,Monitor,South,2256,432.3
2023-10-29,Headphones,South,3328,615.28
2023-10-30,Laptop,South,2147,253.52
2023-10-30,Mouse,West,642,149.02
2023-10-30,Keyboard,South,3935,591.25
2023-10-30,Monitor,East,2931,167.02
2023-10-30,Headphones,North,2348,323.17
2023-10-31,Laptop,South,3572,747.27
2023-10-31,Mouse,East,4291,418.35
2023-10-31,Keyboard,East,2004,410.17
2023-10-31,Monitor,North,3451,366.53
2023-10-31,Headphones,South,1844,317.45
2023-11-01,Laptop,South,1382,276.61
2023-11-01,Mouse,East,2004,195.16
2023-11-01,Keyboard,North,2248,366.78
2023-11-01,Monitor,East,2091,266.53
2023-11-01,Headphones,South,992,213.65
2023-11-02,Laptop,South,1756,187.12
2023-11-02,Mouse,East,2686,291.44
2023-11-02,Keyboard,North,1973,362.19
2023-11-02,Monitor,East,1370,141.25
2023-11-02,Headphones,North,1529,283.94
2023-11-03,Laptop,South,1551,340.63
2023-11-03,Mouse,East,4888,1109.43
2023-11-03,Keyboard,West,4297,453.3
2023-11-03,Monitor,East,4247,1030.63
2023-11-03,Headphones,West,3859,612.05
2023-11-04,Laptop,West,3247,805.33
2023-11-04,Mouse,South,1878,147.33
2023-11-04,Keyboard,West,2461,292.06
2023-11-04,Monitor,West,3156,748.28
2023-11-04,Headphones,West,4505,280.94
2023-11-05,Laptop,North,4962,409.65
2023-11-05,Mouse,West,3858,309.0
2023-11-05,Keyboard,South,3296,459.27
2023-11-05,Monitor,South,1773,90.43
2023-11-05,Headphones,South,3549,819.65
2023-11-06,Laptop,West,3581,305.96
2023-11-06,Mouse,West,1528,111.48
2023-11-06,Keyboard,East,3011,622.8
2023-11-06,Monitor,East,4700,858.71
2023-11-06,Headphones,South,2898,351.68
2023-11-07,Laptop,West,4682,513.95
2023-11-07,Mouse,West,628,86.67
2023-11-07,Keyboard,South,4470,529.34
2023-11-07,Monitor,North,1127,83.37
2023-11-07,Headphones,South,2544,397.6
2023-11-08,Laptop,South,3714,891.29
2023-11-08,Mouse,South,1474,201.6
2023-11-08,Keyboard,North,1483,108.73
2023-11-08,Monitor,North,2617,603.17
2023-11-08,Headphones,West,1826,96.84
2023-11-09,Laptop,East,1029,73.23
2023-11-09,Mouse,East,3273,506.1
2023-11-09,Keyboard,West,2486,328.58
2023-11-09,Monitor,South,4940,1178.35
2023-11-09,Headphones,West,4798,1008.52
2023-11-10,Laptop,North,3808,248.02
2023-11-10,Mouse,North,1760,293.95
2023-11-10,Keyboard,North,1084,248.39
2023-11-10,Monitor,South,859,48.52
2023-11-10,Headphones,South,2511,237.57
2023-11-11,Laptop,East,2125,441.78
2023-11-11,Mouse,West,1231,303.7
2023-11-11,Keyboard,North,1114,271.75
2023-11-11,Monitor,North,2219,265.18
2023-11-11,Headphones,East,2087,115.72
2023-11-12,Laptop,North,777,74.05
2023-11-12,Mouse,East,2932,294.88
2023-11-12,Keyboard,East,1949,418.47
2023-11-12,Monitor,North,4617,671.64
2023-11-12,Headphones,North,4258,257.0
2023-11-13,Laptop,South,3149,255.72
2023-11-13,Mouse,South,1089,253.28
2023-11-13,Keyboard,East,1762,137.29
2023-11-13,Monitor,East,4080,517.84
2023-11-13,Headphones,North,2962,327.77
2023-11-14,Laptop,East,1583,116.71
2023-11-14,Mouse,South,906,141.62
2023-11-14,Keyboard,South,3576,401.8
2023-11-14,Monitor,South,1209,218.63
2023-11-14,Headphones,South,1911,310.42
2023-11-15,Laptop,South,1985,126.42
2023-11-15,Mouse,West,3434,523.55
2023-11-15,Keyboard,East,1503,283.57
2023-11-15,Monitor,East,2438,234.77
2023-11-15,Headphones,East,2591,551.71
2023-11-16,Laptop,North,4740,1089.5
2023-11-16,Mouse,South,2902,351.08
2023-11-16,Keyboard,North,4537,840.09
2023-11-16,Monitor,South,2456,157.24
2023-11-16,Headphones,East,4407,710.7
2023-11-17,Laptop,West,1807,277.66
2023-11-17,Mouse,South,1257,142.72
2023-11-17,Keyboard,East,4766,488.37
2023-11-17,Monitor,East,2080,451.98
2023-11-17,Headphones,East,4075,582.41
2023-11-18,Laptop,East,1501,170.09
2023-11-18,Mouse,West,4566,311.74
2023-11-18,Keyboard,South,1157,67.81
2023-11-18,Monitor,North,3280,425.24
2023-11-18,Headphones,South,4766,1090.07
2023-11-19,Laptop,East,952,49.13
2023-11-19,Mouse,West,2157,210.15
2023-11-19,Keyboard,West,3575,727.96
2023-11-19,Monitor,South,787,107.63
2023-11-19,Headphones,East,1947,310.54
2023-11-20,Laptop,North,2264,521.44
2023-11-20,Mouse,South,3171,719.41
2023-11-20,Keyboard,East,3677,188.54
2023-11-20,Monitor,North,1975,191.14
2023-11-20,Headphones,East,2963,545.84
2023-11-21,Laptop,South,3862,924.37
2023-11-21,Mouse,West,2697,557.36
2023-11-21,Keyboard,East,1472,365.15
2023-11-21,Monitor,East,2623,477.13
2023-11-21,Headphones,North,1340,115.56
2023-11-22,Laptop,East,624,58.99
2023-11-22,Mouse,East,3431,546.53
2023-11-22,Keyboard,South,3471,264.14
2023-11-22,Monitor,West,2915,403.58
2023-11-22,Headphones,South,1217,237.13
2023-11-23,Laptop,South,4970,1048.63
2023-11-23,Mouse,North,1857,152.13
2023-11-23,Keyboard,West,2301,222.65
2023-11-23,Monitor,East,2120,460.02
2023-11-23,Headphones,North,3450,265.97
2023-11-24,Laptop,West,3441,769.69
2023-11-24,Mouse,West,1477,88.8
2023-11-24,Keyboard,East,1283,211.43
2023-11-24,Monitor,South,1512,296.7
2023-11-24,Headphones,West,930,92.6
2023-11-25,Laptop,South,575,70.62
2023-11-25,Mouse,West,2830,461.9
2023-11-25,Keyboard,West,2402,366.63
2023-11-25,Monitor,East,2559,338.04
2023-11-25,Headphones,East,516,48.69
2023-11-26,Laptop,North,4971,506.43
2023-11-26,Mouse,West,589,40.68
2023-11-26,Keyboard,West,2384,417.89
2023-11-26,Monitor,North,1425,150.98
2023-11-26,Headphones,South,1469,268.18
2023-11-27,Laptop,West,3695,745.72
2023-11-27,Mouse,North,4790,703.55
2023-11-27,Keyboard,East,4513,724.57
2023-11-27,Monitor,North,3592,758.22
2023-11-27,Headphones,East,784,62.6
2023-11-28,Laptop,South,1687,221.91
2023-11-28,Mouse,West,1283,108.1
2023-11-28,Keyboard,South,4439,741.17
2023-11-28,Monitor,East,2581,228.9
2023-11-28,Headphones,South,2409,245.64
2023-11-29,Laptop,South,1191,272.9
2023-11-29,Mouse,West,3906,840.62
2023-11-29,Keyboard,North,1811,389.13
2023-11-29,Monitor,South,4088,332.2
2023-11-29,Headphones,South,4248,282.09
2023-11-30,Laptop,West,3536,876.76
2023-11-30,Mouse,North,2682,197.01
2023-11-30,Keyboard,South,3025,364.09
2023-11-30,Monitor,East,2988,452.43
2023-11-30,Headphones,East,2130,305.73
2023-12-01,Laptop,South,4782,632.36
2023-12-01,Mouse,South,2863,524.14
2023-12-01,Keyboard,West,643,115.08
2023-12-01,Monitor,East,744,101.13
2023-12-01,Headphones,West,2676,202.93
2023-12-02,Laptop,North,2551,435.3
2023-12-02,Mouse,East,805,81.08
2023-12-02,Keyboard,North,4542,1128.2
2023-12-02,Monitor,North,4559,939.99
2023-12-02,Headphones,East,1631,101.45
2023-12-03,Laptop,East,3867,265.49
2023-12-03,Mouse,East,511,41.06
2023-12-03,Keyboard,East,2729,465.65
2023-12-03,Monitor,West,2577,323.72
2023-12-03,Headphones,West,943,225.01
2023-12-04,Laptop,North,1344,244.91
2023-12-04,Mouse,South,1053,105.53
2023-12-04,Keyboard,South,1760,301.31
2023-12-04,Monitor,West,2910,211.52
2023-12-04,Headphones,West,2709,234.84
2023-12-05,Laptop,North,2381,125.57
2023-12-05,Mouse,West,3052,310.44
2023-12-05,Keyboard,West,4655,956.56
2023-12-05,Monitor,East,3979,590.96
2023-12-05,Headphones,South,2194,463.16
2023-12-06,Laptop,South,1026,234.01
2023-12-06,Mouse,West,2672,146.79
2023-12-06,Keyboard,North,4477,713.36
2023-12-06,Monitor,North,2251,266.05
2023-12-06,Headphones,West,2861,375.7
2023-12-07,Laptop,West,4631,1149.83
2023-12-07,Mouse,South,3186,603.96
2023-12-07,Keyboard,West,3276,365.53
2023-12-07,Monitor,North,4759,822.82
2023-12-07,Headphones,South,694,69.9
2023-12-08,Laptop,North,4718,312.96
2023-12-08,Mouse,North,3208,566.99
2023-12-08,Keyboard,South,4314,229.71
2023-12-08,Monitor,South,2943,337.58
2023-12-08,Headphones,North,3713,280.23
2023-12-09,Laptop,South,3972,859.16
2023-12-09,Mouse,East,1109,126.04
2023-12-09,Keyboard,East,871,155.89
2023-12-09,Monitor,West,2753,202.74
2023-12-09,Headphones,North,1768,340.21
2023-12-10,Laptop,North,4678,372.57
2023-12-10,Mouse,South,4554,970.25
2023-12-10,Keyboard,North,2838,652.05
2023-12-10,Monitor,North,825,175.27
2023-12-10,Headphones,East,4361,799.17
2023-12-11,Laptop,North,3278,321.44
2023-12-11,Mouse,East,1140,128.8
2023-12-11,Keyboard,East,4578,1123.25
2023-12-11,Monitor,East,3075,766.02
2023-12-11,Headphones,South,2486,528.26
2023-12-12,Laptop,South,628,81.98
2023-12-12,Mouse,North,1351,251.88
2023-12-12,Keyboard,North,3494,429.53
2023-12-12,Monitor,West,3256,539.51
2023-12-12,Headphones,West,2144,217.29
2023-12-13,Laptop,East,742,111.29
2023-12-13,Mouse,South,670,58.51
2023-12-13,Keyboard,West,4012,428.92
2023-12-13,Monitor,West,2658,460.95
2023-12-13,Headphones,South,2758,262.58
2023-12-14,Laptop,West,1357,97.17
2023-12-14,Mouse,South,4490,750.34
2023-12-14,Keyboard,West,4732,318.02
2023-12-14,Monitor,East,3299,234.55
2023-12-14,Headphones,West,4562,288.95
2023-12-15,Laptop,East,3213,350.64
2023-12-15,Mouse,East,3353,518.52
2023-12-15,Keyboard,East,1971,255.9
2023-12-15,Monitor,West,1743,400.17
2023-12-15,Headphones,West,4923,820.3
2023-12-16,Laptop,South,2466,303.23
2023-12-16,Mouse,East,3888,969.33
2023-12-16,Keyboard,West,2393,385.97
2023-12-16,Monitor,East,4134,960.2
2023-12-16,Headphones,South,4392,496.98
2023-12-17,Laptop,North,1792,364.32
2023-12-17,Mouse,South,4137,481.01
2023-12-17,Keyboard,South,4855,627.21
2023-12-17,Monitor,North,865,96.4
2023-12-17,Headphones,West,2976,220.49
2023-12-18,Laptop,West,1246,303.85
2023-12-18,Mouse,South,1420,88.62
2023-12-18,Keyboard,East,3329,274.26
2023-12-18,Monitor,South,4943,1233.53
2023-12-18,Headphones,West,2273,274.91
2023-12-19,Laptop,North,1446,72.35
2023-12-19,Mouse,East,743,96.14
2023-12-19,Keyboard,West,3658,486.49
2023-12-19,Monitor,East,2372,571.45
2023-12-19,Headphones,North,4925,716.5
2023-12-20,Laptop,East,4976,359.47
2023-12-20,Mouse,East,1172,88.33
2023-12-20,Keyboard,North,1711,141.21
2023-12-20,Monitor,North,1143,104.89
2023-12-20,Headphones,South,1783,286.12
2023-12-21,Laptop,South,4886,358.12
2023-12-21,Mouse,West,4550,496.38
2023-12-21,Keyboard,West,2369,188.74
2023-12-21,Monitor,West,1007,227.33
2023-12-21,Headphones,East,1058,236.98
2023-12-22,Laptop,East,4122,980.68
2023-12-22,Mouse,South,4215,380.0
2023-12-22,Keyboard,South,2655,619.03
2023-12-22,Monitor,West,1192,106.14
2023-12-22,Headphones,North,756,86.65
2023-12-23,Laptop,South,3146,362.22
2023-12-23,Mouse,South,2235,470.1
2023-12-23,Keyboard,East,1624,218.48
2023-12-23,Monitor,South,2580,205.96
2023-12-23,Headphones,West,1361,74.06
2023-12-24,Laptop,North,1769,118.92
2023-12-24,Mouse,East,2064,218.92
2023-12-24,Keyboard,South,3688,508.84
2023-12-24,Monitor,West,4456,326.59
2023-12-24,Headphones,South,2806,246.53
2023-12-25,Laptop,South,2271,455.17
2023-12-25,Mouse,South,1390,232.96
2023-12-25,Keyboard,North,1973,424.56
2023-12-25,Monitor,South,1949,403.21
2023-12-25,Headphones,North,3656,485.62
2023-12-26,Laptop,West,4481,371.59
2023-12-26,Mouse,West,719,38.01
2023-12-26,Keyboard,North,764,41.41
2023-12-26,Monitor,South,3274,679.51
2023-12-26,Headphones,North,979,212.88
2023-12-27,Laptop,East,4378,546.21
2023-12-27,Mouse,East,1424,74.71
2023-12-27,Keyboard,East,2895,286.12
2023-12-27,Monitor,East,4089,519.39
2023-12-27,Headphones,South,1088,261.65
2023-12-28,Laptop,East,1403,146.09
2023-12-28,Mouse,South,839,121.56
2023-12-28,Keyboard,East,1056,169.65
2023-12-28,Monitor,West,3766,849.63
2023-12-28,Headphones,West,1516,354.0
2023-12-29,Laptop,East,2137,458.32
2023-12-29,Mouse,South,3979,616.67
2023-12-29,Keyboard,West,2813,672.85
2023-12-29,Monitor,South,3499,490.96
2023-12-29,Headphones,South,4036,844.72
2023-12-30,Laptop,South,4417,438.03
2023-12-30,Mouse,North,4362,1081.34
2023-12-30,Keyboard,East,1950,115.82
2023-12-30,Monitor,South,1664,113.53
2023-12-30,Headphones,West,3205,591.25
2023-12-31,Laptop,East,2726,316.84
2023-12-31,Mouse,West,4706,624.65
2023-12-31,Keyboard,West,3279,383.89
2023-12-31,Monitor,South,2531,610.84
2023-12-31,Headphones,West,2041,399.49
